<?xml version="1.0" encoding="UTF-8"?><rss version="2.0"
	xmlns:content="http://purl.org/rss/1.0/modules/content/"
	xmlns:dc="http://purl.org/dc/elements/1.1/"
	xmlns:atom="http://www.w3.org/2005/Atom"
	xmlns:sy="http://purl.org/rss/1.0/modules/syndication/"
	
	>
<channel>
	<title>
	Comments on: How eco friendly is the website of your sustainable business?	</title>
	<atom:link href="/how-eco-friendly-is-the-website-of-your-sustainable-business/feed/" rel="self" type="application/rss+xml" />
	<link>/how-eco-friendly-is-the-website-of-your-sustainable-business/</link>
	<description>Better sites. Greener Sites</description>
	<lastBuildDate>Tue, 25 May 2021 13:23:48 +0000</lastBuildDate>
	<sy:updatePeriod>
	hourly	</sy:updatePeriod>
	<sy:updateFrequency>
	1	</sy:updateFrequency>
	<generator>https://wordpress.org/?v=5.8</generator>
</channel>
</rss>
