<?xml version="1.0" encoding="UTF-8"?><rss version="2.0"
	xmlns:content="http://purl.org/rss/1.0/modules/content/"
	xmlns:dc="http://purl.org/dc/elements/1.1/"
	xmlns:atom="http://www.w3.org/2005/Atom"
	xmlns:sy="http://purl.org/rss/1.0/modules/syndication/"
	
	>
<channel>
	<title>
	Comments on: The benefits of a greener website	</title>
	<atom:link href="/the-benefits-of-a-greener-website/feed/" rel="self" type="application/rss+xml" />
	<link>/the-benefits-of-a-greener-website/</link>
	<description>Better sites. Greener Sites</description>
	<lastBuildDate>Thu, 03 Jun 2021 18:43:38 +0000</lastBuildDate>
	<sy:updatePeriod>
	hourly	</sy:updatePeriod>
	<sy:updateFrequency>
	1	</sy:updateFrequency>
	<generator>https://wordpress.org/?v=5.8</generator>
</channel>
</rss>
