<?xml version="1.0" encoding="UTF-8"?><rss version="2.0"
	xmlns:content="http://purl.org/rss/1.0/modules/content/"
	xmlns:wfw="http://wellformedweb.org/CommentAPI/"
	xmlns:dc="http://purl.org/dc/elements/1.1/"
	xmlns:atom="http://www.w3.org/2005/Atom"
	xmlns:sy="http://purl.org/rss/1.0/modules/syndication/"
	xmlns:slash="http://purl.org/rss/1.0/modules/slash/"
	>

<channel>
	<title>Sitegeist Web Services &#8211; Sustainable Web Design</title>
	<atom:link href="/feed/" rel="self" type="application/rss+xml" />
	<link>/</link>
	<description>Better sites. Greener Sites</description>
	<lastBuildDate>Thu, 08 Jul 2021 09:23:53 +0000</lastBuildDate>
	<language>en-GB</language>
	<sy:updatePeriod>
	hourly	</sy:updatePeriod>
	<sy:updateFrequency>
	1	</sy:updateFrequency>
	<generator>https://wordpress.org/?v=5.8</generator>

<image>
	<url>/wp-content/uploads/2021/03/cropped-Sitegeist_Round_Logo-32x32.png</url>
	<title>Sitegeist Web Services &#8211; Sustainable Web Design</title>
	<link>/</link>
	<width>32</width>
	<height>32</height>
</image> 
	<item>
		<title>Sustainable Website Tips #1 &#8211; Improving your content with AIDA</title>
		<link>/sustainable-site-tips-aida/</link>
		
		<dc:creator><![CDATA[sitegeist_andy_admin]]></dc:creator>
		<pubDate>Thu, 03 Jun 2021 18:25:11 +0000</pubDate>
				<category><![CDATA[Uncategorised]]></category>
		<guid isPermaLink="false">/?p=641</guid>

					<description><![CDATA[<p>If you read through my posts, blogs and articles you&#8217;ll see a theme, efficiency. Sustainable sites are efficient sites. Or to put it another way, efficient sites are sustainable sites. You say potato, I say potato. Hmm, that doesn&#8217;t work in written form does it? Never mind. In this post I am going to talk [...]</p>
<p><a class="btn btn-secondary understrap-read-more-link" href="/sustainable-site-tips-aida/">Read More...</a></p>
<p>The post <a rel="nofollow" href="/sustainable-site-tips-aida/">Sustainable Website Tips #1 &#8211; Improving your content with AIDA</a> appeared first on <a rel="nofollow" href="/">Sitegeist Web Services - Sustainable Web Design</a>.</p>
]]></description>
										<content:encoded><![CDATA[
<p>If you read through my posts, blogs and articles you&#8217;ll see a theme, <strong>efficiency</strong>. Sustainable sites are efficient sites. Or to put it another way, efficient sites are sustainable sites. You say potato, I say potato. Hmm, that doesn&#8217;t work in written form does it? Never mind.</p>



<p>In this post I am going to talk about being efficient with your site content. You might need to cut some content out or you might need to add a little in. Either way I am going to help you improve the way your site works. </p>



<p><strong>Spoiler alert &#8211; your site will be greener as a result.</strong></p>



<h3>Strip down your pages to the bare essentials.</h3>



<p>There is no golden rule to this tip. The right amount of content is the right amount of content. Have a look at your page and get rid of elements you don&#8217;t need to make a sale or conversion. Nice one, your site is more efficient.</p>



<p>You&#8217;re right, we need a bit more information to do this. There might not be a golden rule but there are guidelines to follow. A really good one is the AIDA model.</p>



<p>AIDA is a centuries old advertising strategy that rings true today. The term was coined in 1898. It says effective marketing attracts attention, generates interest &amp; creates conviction, in that order. If your marketing strategy does that, it encourages action.</p>



<h3>What does it stand for?</h3>



<p><strong>Awareness</strong> &#8211; <em>What are you talking about exactly?</em><br><strong>Interest</strong> &#8211; <em>Wow, that does sound good.</em><br><strong>Desire</strong> &#8211; <em>Really good actually, I must have it</em><br><strong>Action</strong> &#8211; <em>I can hold out no longer, I&#8217;m getting it.</em></p>



<p>AIDA is a way of mapping out a buyers&#8217; journey. It works for all sorts of content including webpages and sites. With a webpage you can think of it like this:</p>



<p>A web page needs to grab a users&#8217; AWARENESS. Get their attention and hold it. If you effectively engage a user and explain what the page is about you will draw a user in.</p>



<p>Now you want to stoke their INTEREST. Sell them the benefits. Tell them what problem it solves. Get them to think &#8220;I like the sound of that&#8221;.</p>



<p>Now things get serious. Your user is now interested but you want them to DESIRE the action your page is set up for. To move a potential customer from &#8220;I&#8217;m interested&#8221; to &#8220;I want it&#8221; you need to build trust.</p>



<p>Sell them on the way your business works and delivers. Tell the story of you and your product or service. Reinforce it with social proof. A testimonial would be great right about now. Lovely job.</p>



<p>Time for ACTION. Your user is ready to convert. Make it easy! Hit them with a nice clickable button or bright, bold, banner. Now you&#8217;ll see the order, subscription or booking hit your inbox and sit back knowing your site has your back.</p>



<p>My challenge for you is to choose a &#8220;sales&#8221; page on your site, then sit down with AIDA and have a look at it together.</p>



<p>Have you got elements on your site that don&#8217;t fit into the model above?</p>



<p>Are they filling space for the sake of it?</p>



<p>Well then wield the axe! Cut out some content and fine tune your sales process.</p>



<p>It doesn&#8217;t have to be a sales page. AIDA works with a landing pages too. Treat the action of clicking through to a relevant page as the action. Take a look at your landing page and check that it is taking people through the journey to another page.</p>



<h3>How does this make things greener?</h3>



<p>If I have sold this concept to you, you can see how this will increase site efficiency. How does it make things greener though?</p>



<p>You will find one of two things if you look at your site with AIDA in mind. One scenario is that your pages have too much content and aren&#8217;t focused enough. In that case you will be able to remove, copy, images, even sections that you don&#8217;t need. Less content means lower page file sizes. That means less storage, less to load and less energy required when a page loads.</p>



<p>In the second scenario you might actually need to add a little content. You might be getting attention but failing to hold interest. Or getting interest but not encouraging desire. Whatever is missing, you have users hitting the page but not converting. All those pages loaded for nothing. Sounds pretty inefficient to me.</p>



<p>Someone finds your site, clicks on a product, reads the page but doesn&#8217;t convert? What a waste of energy and effort! They still need to solve whatever problem they have. They wanted you to fix it for them. Now they have to go back to another site and start the process again! More pages loaded, more energy expended. If you&#8217;d just sold your vision to them, they would be a customer of yours by now. They&#8217;d have logged off, happy with their decision.</p>



<p>Have a look at your site and see what you think. If you&#8217;d like to discuss what you see, why not arrange a <a href="https://calendly.com/sitegeistwebservices/discovery-call">no obligation chat with me</a>? We can invite AIDA if you want. She knows what she&#8217;s talking about.</p>
<p>The post <a rel="nofollow" href="/sustainable-site-tips-aida/">Sustainable Website Tips #1 &#8211; Improving your content with AIDA</a> appeared first on <a rel="nofollow" href="/">Sitegeist Web Services - Sustainable Web Design</a>.</p>
]]></content:encoded>
					
		
		
			</item>
		<item>
		<title>The benefits of a greener website</title>
		<link>/the-benefits-of-a-greener-website/</link>
		
		<dc:creator><![CDATA[sitegeist_andy_admin]]></dc:creator>
		<pubDate>Thu, 03 Jun 2021 09:44:38 +0000</pubDate>
				<category><![CDATA[Uncategorised]]></category>
		<guid isPermaLink="false">/?p=636</guid>

					<description><![CDATA[<p>Why should you strive to have a lower carbon site? You might experience a warm green feeling from doing good for the planet. That&#8217;s all well and good but there are other compelling reasons and tangible benefits to be gained. Search Engine Optimisation First up, green sites tend to have better SEO. Sorry if that [...]</p>
<p><a class="btn btn-secondary understrap-read-more-link" href="/the-benefits-of-a-greener-website/">Read More...</a></p>
<p>The post <a rel="nofollow" href="/the-benefits-of-a-greener-website/">The benefits of a greener website</a> appeared first on <a rel="nofollow" href="/">Sitegeist Web Services - Sustainable Web Design</a>.</p>
]]></description>
										<content:encoded><![CDATA[
<p><strong>Why should you strive to have a lower carbon site?</strong> You might experience a warm green feeling from doing good for the planet. That&#8217;s all well and good but there are other compelling reasons and tangible benefits to be gained.</p>



<hr class="wp-block-separator"/>



<h3>Search Engine Optimisation</h3>



<p>First up, green sites tend to have better SEO. Sorry if that made you snort a beverage onto your monitor. It does sound a little tenuous, but hear me out.</p>



<p>To build a green or sustainable website you need to carefully plan the site. You need to consider every aspect of every page. Every element of the site needs to be built with efficiency in mind. This translates into a site built and laid out using best practice. Sites are structured with the appropriate <a href="https://yoast.com/site-structure-the-ultimate-guide/" target="_blank" rel="noreferrer noopener">hierarchy aiding navigation</a>. You lay out individual pages in an SEO friendly manner.</p>



<p>With your layout dialled in, you can look at <a href="https://web.dev/" target="_blank" rel="noreferrer noopener">page speed</a>. Optimise the heck out of your site, images and code. Users love fast loading sites and so do search engines.</p>



<p><strong>Search engines all favour:</strong></p>



<ul><li>Pages that load quickly</li><li>Efficient site structures</li><li>Best practice for page layouts</li></ul>



<p><strong>Greener sites have better SEO!</strong></p>



<hr class="wp-block-separator"/>



<h3>User Experience (UX)</h3>



<p>A lot of what makes green sites better for SEO also translates in to better UX. When you minimise the carbon footprint of your site, you scrutinise every aspect of the site. Along with being well structured, you should optimise your content. If your copy isn&#8217;t pushing users towards a conversion, do you need it?</p>



<p>Make sure your key messages are <a href="https://www.notion.so/How-to-write-content-and-sales-pages-that-engage-and-convert-Article-abf6aab6922547bd8e0322cd275beefb" target="_blank" rel="noreferrer noopener">front and centre</a>. Telling your story well engages your users. Every element on the page is there for a reason. It&#8217;s efficient web design.</p>



<p>Good UX comes down to:</p>



<ul><li>Well structured pages</li><li>Economical, efficient use of content</li><li>User engagement &amp; getting your key message across</li></ul>



<p><strong>Greener sites have great UX!</strong></p>



<hr class="wp-block-separator"/>



<h3>Conversion rates</h3>



<p>Now you have better visitors to your site through improved SEO. Your site visitors love the UX and engage with your story. The result is a better conversion rate. Users are on your site because your offering serves a purpose they need. They can easily navigate your well thought out site.</p>



<p>All this means that they can&#8217;t help but sign up for your newsletter. Or buy your product. Or book a discovery call about your service. Or follow you on social media. Or join your community group. Or, well you get the idea.</p>



<p><strong>Greener sites convert your site visitors into customers!</strong></p>



<hr class="wp-block-separator"/>



<h3>Everyone wins</h3>



<p>Taking steps to make your site more efficient is a win-win. People and planet win because you are reducing your digital carbon footprint. Your business wins because you win more work or sell more product.</p>



<p>My <a href="/website-audits/">site audits</a> are the perfect way of helping you make your site more efficient and greener. If you&#8217;d like to know more book a <a href="https://calendly.com/sitegeistwebservices/discovery-call" target="_blank" rel="noreferrer noopener">site audit discovery call</a>. We can have a chat about how I can help you, your users and the planet.</p>
<p>The post <a rel="nofollow" href="/the-benefits-of-a-greener-website/">The benefits of a greener website</a> appeared first on <a rel="nofollow" href="/">Sitegeist Web Services - Sustainable Web Design</a>.</p>
]]></content:encoded>
					
		
		
			</item>
		<item>
		<title>How eco friendly is the website of your sustainable business?</title>
		<link>/how-eco-friendly-is-the-website-of-your-sustainable-business/</link>
		
		<dc:creator><![CDATA[sitegeist_andy_admin]]></dc:creator>
		<pubDate>Tue, 25 May 2021 12:32:08 +0000</pubDate>
				<category><![CDATA[Uncategorised]]></category>
		<guid isPermaLink="false">/?p=616</guid>

					<description><![CDATA[<p>How do you call out sustainable organisations who have a site that does not match their aims? Actually, let me be more specific. How do you call them out without alienating people and seeming mean or snarky? I visit a lot of sustainable business and organisation websites at the moment. I&#8217;m often shocked that the [...]</p>
<p><a class="btn btn-secondary understrap-read-more-link" href="/how-eco-friendly-is-the-website-of-your-sustainable-business/">Read More...</a></p>
<p>The post <a rel="nofollow" href="/how-eco-friendly-is-the-website-of-your-sustainable-business/">How eco friendly is the website of your sustainable business?</a> appeared first on <a rel="nofollow" href="/">Sitegeist Web Services - Sustainable Web Design</a>.</p>
]]></description>
										<content:encoded><![CDATA[
<p><strong>How do you call out sustainable organisations who have a site that does not match their aims?</strong></p>



<p>Actually, let me be more specific.</p>



<p><strong>How do you call them out without alienating people and seeming mean or snarky?</strong></p>



<p>I visit a lot of sustainable business and organisation websites at the moment. I&#8217;m often shocked that the carbon footprint of that site hasn&#8217;t been considered. Sometimes it makes me quite angry and makes me want to take action. But how to take action?</p>



<p>My solution is this post. Without naming names I will discuss the sites and the problem as I see it. Then I will suggest how I would solve that problem. The aim is to show how to build sites with lower carbon footprints and better user experience (UX).</p>



<p>Here are a few examples I&#8217;ve spotted recently and how I&#8217;d change them:</p>



<h3>The &#8220;auto play video as value statement&#8221;</h3>



<p>I get the thinking. You&#8217;ve got a great product and you want to shout about it. What better way than a beautifully shot video proclaiming your brand values? What if people don&#8217;t watch it though? Best make it auto-play when the page loads.</p>



<p>This presents a couple of problems. One is that you rely on users watching the whole video to see the whole message. Another is the carbon cost of auto-playing videos, especially big, full screen ones. Videos will almost always be the largest element on a web page. They should be used carefully!</p>



<h4>What I would do differently</h4>



<p>I&#8217;d change a couple of things here. There is quite a lot of evidence that users ignore videos in hero banners. The term <a href="https://en.wikipedia.org/wiki/Banner_blindness" target="_blank" rel="noreferrer noopener">Banner Blindness</a> was coined in 1998. It&#8217;s defined as when &#8220;users consciously or unconsciously ignore banner-like information&#8221;. Ask yourself how often you take in all the information &#8220;above the fold&#8221; when you load a page? Do you read it or start scrolling as soon as the page loads?</p>



<h4><strong>Think of your users</strong></h4>



<p>From a UX point of view I would prefer a bold value statement in the hero. Something that even the quickest of scrollers would take in. If the video has to stay, I would put it in the intro section. It would be next to a sub header &amp; an impactful paragraph about your business.</p>



<p>Additionally I would give the user the option to watch it if they want. Don&#8217;t make it autoplay, it will hamper your page speed. An engaged site visitor who chooses to watch the video is more valuable than an enraged visitor waiting for the page to load.</p>



<h3><strong>Benefits:</strong></h3>



<p>Lower carbon footprint, quicker load times, better UX and message recognition.</p>



<hr class="wp-block-separator"/>



<h3>The “simple” site built on an inefficient page builder</h3>



<p>You are a organisation, bringing stakeholders together to do good for the planet. Your site is built to be simple and effective. It&#8217;s got big, easy to read text, a bold colour scheme and few obvious images. So why does it have a higher than necessary carbon footprint?</p>



<h4>Platform choice</h4>



<p>In this case it is to do with the platform chosen (Squarespace &amp; WIX type options) to build the site and some UX choices. Site building technology tends to sacrifice efficiency for flexibility. Each time you load a page you are loading a lot of redundant options that you aren&#8217;t using on the page.</p>



<h4>What I&#8217;d change.</h4>



<p>The platform for a start. A simple site, should be a low carbon site. The choice of platform in this case doesn&#8217;t allow this to happen, which is a shame. The footprint of the site should match the message of the site.</p>



<p>There are also UX tweaks to make. The site has scrolling effects and content fades in when you navigate. The benefits of this effect are negligible and come with a code weight cost. A similar outcome could be achieved in a less code heavy way using <a href="https://css-tricks.com/practical-css-scroll-snapping/">css based scroll-snap</a>. </p>



<h4><strong>Benefits</strong></h4>



<p>More options for optimisation of the site. Quicker load times, better showcasing of the blog posts and improved UX.</p>



<hr class="wp-block-separator"/>



<h3>Conclusions</h3>



<p>Careful choices and better UX makes for a more sustainable site. The reverse is also true. Sustainable sites use best practice to improve UX and conversions.</p>



<p>The understanding of our digital carbon footprint is growing. Can businesses with sustainable aims afford to ignore this? Can they continue to have inefficient, energy hungry sites? I don&#8217;t think so.</p>



<p>If either of these examples sound familiar to your site, <a href="/contact/">get in touch</a>. I can help you improve UX and emissions with a <a href="/website-audits/">site audit</a>. Or I can provide a more comprehensive site <a href="/sustainable-websites/">overhaul/new site</a>. </p>
<p>The post <a rel="nofollow" href="/how-eco-friendly-is-the-website-of-your-sustainable-business/">How eco friendly is the website of your sustainable business?</a> appeared first on <a rel="nofollow" href="/">Sitegeist Web Services - Sustainable Web Design</a>.</p>
]]></content:encoded>
					
		
		
			</item>
		<item>
		<title>Everything you need to know about how I build websites</title>
		<link>/everything-you-need-to-know-about-how-i-build-websites/</link>
		
		<dc:creator><![CDATA[sitegeist_andy_admin]]></dc:creator>
		<pubDate>Wed, 05 May 2021 09:45:15 +0000</pubDate>
				<category><![CDATA[Uncategorised]]></category>
		<guid isPermaLink="false">/?p=257</guid>

					<description><![CDATA[<p>The first website I ever built was for the chalet business I used to run with my wife in Meribel. Learning about HTML and CSS taught me a lot about how to build sites. It didn&#8217;t teach me much about user experience (UX), conversions or SEO. Unsurprisingly then, the second website I ever built was [...]</p>
<p><a class="btn btn-secondary understrap-read-more-link" href="/everything-you-need-to-know-about-how-i-build-websites/">Read More...</a></p>
<p>The post <a rel="nofollow" href="/everything-you-need-to-know-about-how-i-build-websites/">Everything you need to know about how I build websites</a> appeared first on <a rel="nofollow" href="/">Sitegeist Web Services - Sustainable Web Design</a>.</p>
]]></description>
										<content:encoded><![CDATA[
<p>The first website I ever built was for the chalet business I used to run with my wife in Meribel. Learning about HTML and CSS taught me a lot about how to build sites. It didn&#8217;t teach me much about user experience (UX), conversions or SEO.</p>



<p>Unsurprisingly then, the second website I ever built was also for the chalet business. I took everything I learned about coding from the first one. Then I added in more knowledge about the UX, conversions and SEO.&nbsp; The stuff I didn&#8217;t know first time round.</p>



<p>That second site was pretty good. It helped us compete with bigger operators. It moved us up the search rankings. It showcased our hospitality, food and high level of service. Our little business did pretty well!</p>



<p>Building these sites and all the other since taught me what was actually important.&nbsp; When people want a website built they don&#8217;t care about UX, HTML, CSS, SEO or any other acronym.</p>



<p>They care about four things:</p>



<ul><li>Does this site reflect me and the awesome thing that I do?</li><li>Does this site help me maximize sales or conversions and help me compete against my peers?</li><li>Can people find my site when they search for things relevant to it?</li><li>Is it easy to update the images or text? Will I break it if I try?</li></ul>



<p>This insight has shaped how I work.</p>



<h3>A site that reflects you</h3>



<p>When I build a new website for a client I want to know loads about their business or venture. What works for them? Are they shouting about what&#8217;s vital to them? Do they need more sales or a new market? Are they moving in a different direction? Do they prefer rhubarb and custard or mille feuille? The important things. </p>



<p>Knowing this helps me build a site that reflects their business and what they bring to it. The site will sell the experience you&#8217;ll have if you buy their product or service.</p>



<h3>A site that converts</h3>



<p>I also find out about the types of clients they currently attract and who else they might want to visit. With this and a little research I can craft a user experience that maximises conversions. User experience is a fancy way of saying &#8220;how a user navigates and interacts with a site&#8221;. Conversion is sales speak for a user doing what you want them to on your site or page. Buying a thing, booking a service, making contact, signing up for a newsletter. That sort of thing.</p>



<h3>Sites with SEO at their heart</h3>



<p>There is no point in building a site that people can&#8217;t find. I build my sites with SEO in mind. A small business needs to be able to be found to thrive. My sites are visible from space (subject to adequate wifi connection). Well alright, not space, but they are very search engine friendly.</p>



<h3>Sites that are built to last</h3>



<p>People tend to be too busy running businesses to update their sites regularly. Often updating their site will be a frustrating, laptop smashing experience. People tend to make themselves too busy to update a site if that&#8217;s the case.&nbsp;</p>



<p>The images and content on my sites are easy to update. Breaking page layouts is very, very hard to do. My sites are robust and solid. They won&#8217;t prompt you to replace your smashed macbook everytime you update your About Us page.</p>



<p>So there you go. Everything you need to know about how I build websites.</p>



<p>If you were interested in what platform I use I would tell you it&#8217;s WordPress. It&#8217;s a well supported and flexible solution for building sites. It helps your site grow if it needs to. It&#8217;s used for about 35% of sites on the internet so you are in good company!&nbsp;</p>



<p>I could also tell you that my sites are better for the planet than most of my competitors. I don&#8217;t use extra programmes to make my sites look great. I hand code everything. I optimise the hell out of the site to make it load quickly. I minimise every file size I can.</p>



<p>This has many benefits. Firstly it helps SEO. Search Engines love a site that loads rapidly. Secondly it helps UX. Users love a fast site. Finally, it helps the planet. Smaller file sizes mean less energy required to store and load the site. Less energy means less carbon emissions.</p>



<p>Would you like me to build you a search engine friendly, planet friendly, user friendly site? One that reflects you and the awesome things you do?&nbsp;Then let&#8217;s talk! <br><br>Click here to use the <a href="/contact/">contact form</a> or send me an email to info@sitegeistwebservices.com</p>
<p>The post <a rel="nofollow" href="/everything-you-need-to-know-about-how-i-build-websites/">Everything you need to know about how I build websites</a> appeared first on <a rel="nofollow" href="/">Sitegeist Web Services - Sustainable Web Design</a>.</p>
]]></content:encoded>
					
		
		
			</item>
		<item>
		<title>How to reduce your online carbon footprint</title>
		<link>/how-to-reduce-your-online-carbon-footprint/</link>
		
		<dc:creator><![CDATA[sitegeist_andy_admin]]></dc:creator>
		<pubDate>Tue, 13 Apr 2021 16:15:57 +0000</pubDate>
				<category><![CDATA[Uncategorised]]></category>
		<guid isPermaLink="false">/?p=236</guid>

					<description><![CDATA[<p>The internet is a power hungry beast. Every time you search, browse or store something online there is a hidden carbon cost. If you would like to reduce your online carbon footprint there are three main areas you can make quick and easy improvements in. Your website If you host a website for your business, [...]</p>
<p><a class="btn btn-secondary understrap-read-more-link" href="/how-to-reduce-your-online-carbon-footprint/">Read More...</a></p>
<p>The post <a rel="nofollow" href="/how-to-reduce-your-online-carbon-footprint/">How to reduce your online carbon footprint</a> appeared first on <a rel="nofollow" href="/">Sitegeist Web Services - Sustainable Web Design</a>.</p>
]]></description>
										<content:encoded><![CDATA[
<p>The internet is a power hungry beast. Every time you search, browse or store something online there is a hidden carbon cost. If you would like to reduce your online carbon footprint there are three main areas you can make quick and easy improvements in.</p>



<h3><strong>Your website</strong></h3>



<p>If you host a website for your business, side hustle, brand or blog, you should think about how it is hosted. To get an idea of how “green” your site is check out <a href="https://www.websitecarbon.com/">Website Carbon</a> to see how your site compares to the rest of the net. </p>



<p>My homepage is cleaner than 67% of sites tested which is great but there is still work to do!</p>



<p>If you are not happy with the results you can find out where to make improvements with <a href="https://ecograder.com/">Ecograder</a>.&nbsp; It will identify areas to make changes and provide a hit list to take to your web designer to open discussions.&nbsp;</p>



<p>The biggest change you can make is to host with an eco-friendly hosting company.&nbsp; All the sites I host are hosted on servers that use 100% renewable energy. It is the single biggest improvement you can make for your site. Better yet the improvement comes without changing a single line of code!&nbsp;</p>



<h3>Your Inbox</h3>



<p>Have a look at your email account(s). How many unread emails do you have in there? Probably quite a few! The vast majority of us don’t pay anything for our email accounts. If you use Gmail or similar you basically have unlimited storage. If an email pops into your inbox you might leave it there rather than deleting it.&nbsp; I know I used to!<br>The trouble with those unread emails is that they need storing somewhere and this has a carbon cost. Each stored email costs about 10g of carbon a year. So all those messages in your inbox start adding up. Take a few minutes to delete them. You&#8217;ll get a nice warm feeling from a cleaner inbox too!</p>



<p>If you use Gmail and want to find and delete all your unread mail this is a <a href="https://www.techjunkie.com/delete-all-unread-emails-gmail/">handy guide</a>.</p>



<p>The second thing you can do is stop getting unwanted emails. Did you know that only 10% of email newsletters are ever opened. Of course you didn’t, no normal person would. If you think about all those emails trying to sell you something, or LinkedIn mails telling you about some ex colleagues’ work anniversary, it starts making sense. <a href="https://cleanfox.io/">Cleanfox.io</a> is a great tool for some newsletter and inbox cleaning.&nbsp;</p>



<h3><strong>Your Search Engine</strong></h3>



<p>This is the easiest of the lot.&nbsp; Instead of using google, use <a href="https://www.ecosia.org/">Ecosia</a>.&nbsp; Ecosia is a search engine which uses it’s ad revenue to plant trees.&nbsp; If 1 in 5 people used Ecosia instead of google they could plant enough trees to sequester (capture) all the annual global carbon emissions!&nbsp; So, change your search provider to Ecosia.</p>



<h3>In Summary</h3>



<p>So there you have it. Three easy ways of reduce your online carbon footprint.<br><br></p>



<ul><li>If you run a website, check where it is hosted. </li><li>If you have an inbox, get rid of those unwanted emails. </li><li>If you have a question, use <a href="https://www.ecosia.org/" target="_blank" rel="noreferrer noopener">Ecosia</a>, not google</li></ul>



<p>Want to know more? <a href="/contact/">Get in touch</a>! </p>
<p>The post <a rel="nofollow" href="/how-to-reduce-your-online-carbon-footprint/">How to reduce your online carbon footprint</a> appeared first on <a rel="nofollow" href="/">Sitegeist Web Services - Sustainable Web Design</a>.</p>
]]></content:encoded>
					
		
		
			</item>
	</channel>
</rss>
