<?xml version="1.0" encoding="UTF-8"?><rss version="2.0"
	xmlns:content="http://purl.org/rss/1.0/modules/content/"
	xmlns:dc="http://purl.org/dc/elements/1.1/"
	xmlns:atom="http://www.w3.org/2005/Atom"
	xmlns:sy="http://purl.org/rss/1.0/modules/syndication/"
	
	>
<channel>
	<title>
	Comments on: Everything you need to know about how I build websites	</title>
	<atom:link href="/everything-you-need-to-know-about-how-i-build-websites/feed/" rel="self" type="application/rss+xml" />
	<link>/everything-you-need-to-know-about-how-i-build-websites/</link>
	<description>Better sites. Greener Sites</description>
	<lastBuildDate>Thu, 08 Jul 2021 09:23:47 +0000</lastBuildDate>
	<sy:updatePeriod>
	hourly	</sy:updatePeriod>
	<sy:updateFrequency>
	1	</sy:updateFrequency>
	<generator>https://wordpress.org/?v=5.8</generator>
</channel>
</rss>
